{
  "cuda_time": 6.27807155251503,
  "ram_usage": 203.0625,
  "vram_usage": 344.1298828125,
  "accuracy": 0.328125,
  "weights_size": 327.3244228363037
}