{
  "cpu_time": 285.9021816402674,
  "ram_usage": 380.71484375,
  "vram_usage": 0,
  "accuracy": 0.3125,
  "weights_size": 327.3244228363037
}