{
  "cpu_time": 285.2535080164671,
  "ram_usage": 368.015625,
  "vram_usage": 0,
  "accuracy": 0.3125,
  "weights_size": 327.3244228363037
}