{
  "cuda_time": 5.949467420578003,
  "ram_usage": 202.37109375,
  "vram_usage": 9.32470703125,
  "accuracy": 0.3359375,
  "weights_size": 327.3244228363037
}