{
  "cuda_inference_time_ms": 1415.1756763458252,
  "peak_ram_usage": 204.67578125,
  "peak_vram_usage": 344.1298828125,
  "accuracy": 0.3984375,
  "weights_size": 327.3244228363037
}